id;username;password;name;title;body;altered
1;heartyle;heartylep;heartylename;heartyle_title;heartyle_body;heartyle_alter
2;flutteri;flutterip;flutteriname;flutteri_title;flutteri_body;flutteri_alter
3;friendly;friendlyp;friendlyname;friendly_title;friendly_body;friendly_alter
4;unpleasa;unpleasap;unpleasaname;unpleasa_title;unpleasa_body;unpleasa_alter
5;fussyapp;fussyappp;fussyappname;fussyapp_title;fussyapp_body;fussyapp_alter
6;patientr;patientrp;patientrname;patientr_title;patientr_body;patientr_alter
7;uttermos;uttermosp;uttermosname;uttermos_title;uttermos_body;uttermos_alter
8;directsa;directsap;directsaname;directsa_title;directsa_body;directsa_alter
9;closedbo;closedbop;closedboname;closedbo_title;closedbo_body;closedbo_alter
10;fabulous;fabulousp;fabulousname;fabulous_title;fabulous_body;fabulous_alter
11;warliked;warlikedp;warlikedname;warliked_title;warliked_body;warliked_alter
12;marvelou;marveloup;marvelouname;marvelou_title;marvelou_body;marvelou_alter
13;mustyred;mustyredp;mustyredname;mustyred_title;mustyred_body;mustyred_alter
14;openbirc;openbircp;openbircname;openbirc_title;openbirc_body;openbirc_alter
15;guardedt;guardedtp;guardedtname;guardedt_title;guardedt_body;guardedt_alter
16;bitterju;bitterjup;bitterjuname;bitterju_title;bitterju_body;bitterju_alter
17;ringedsi;ringedsip;ringedsiname;ringedsi_title;ringedsi_body;ringedsi_alter
18;judiciou;judicioup;judiciouname;judiciou_title;judiciou_body;judiciou_alter
19;proficie;proficiep;proficiename;proficie_title;proficie_body;proficie_alter
20;civilegg;civileggp;civileggname;civilegg_title;civilegg_body;civilegg_alter
21;opposite;oppositep;oppositename;opposite_title;opposite_body;opposite_alter
22;clevermi;clevermip;cleverminame;clevermi_title;clevermi_body;clevermi_alter
23;methodic;methodicp;methodicname;methodic_title;methodic_body;methodic_alter
24;glitteri;glitterip;glitteriname;glitteri_title;glitteri_body;glitteri_alter
25;juvenile;juvenilep;juvenilename;juvenile_title;juvenile_body;juvenile_alter
26;readysti;readystip;readystiname;readysti_title;readysti_body;readysti_alter
27;snarling;snarlingp;snarlingname;snarling_title;snarling_body;snarling_alter
28;agreeabl;agreeablp;agreeablname;agreeabl_title;agreeabl_body;agreeabl_alter
29;wanderin;wanderinp;wanderinname;wanderin_title;wanderin_body;wanderin_alter
30;ovalemer;ovalemerp;ovalemername;ovalemer_title;ovalemer_body;ovalemer_alter
31;impishma;impishmap;impishmaname;impishma_title;impishma_body;impishma_alter
32;talented;talentedp;talentedname;talented_title;talented_body;talented_alter
33;candidla;candidlap;candidlaname;candidla_title;candidla_body;candidla_alter
34;pasteltr;pasteltrp;pasteltrname;pasteltr_title;pasteltr_body;pasteltr_alter
35;momentou;momentoup;momentouname;momentou_title;momentou_body;momentou_alter
36;accessib;accessibp;accessibname;accessib_title;accessib_body;accessib_alter
37;entiredi;entiredip;entirediname;entiredi_title;entiredi_body;entiredi_alter
38;impuresp;impurespp;impurespname;impuresp_title;impuresp_body;impuresp_alter
39;delectab;delectabp;delectabname;delectab_title;delectab_body;delectab_alter
40;waggishv;waggishvp;waggishvname;waggishv_title;waggishv_body;waggishv_alter
41;easysand;easysandp;easysandname;easysand_title;easysand_body;easysand_alter
42;demuresi;demuresip;demuresiname;demuresi_title;demuresi_body;demuresi_alter
43;righteou;righteoup;righteouname;righteou_title;righteou_body;righteou_alter
44;imported;importedp;importedname;imported_title;imported_body;imported_alter
45;likablea;likableap;likableaname;likablea_title;likablea_body;likablea_alter
46;numerous;numerousp;numerousname;numerous_title;numerous_body;numerous_alter
47;spotless;spotlessp;spotlessname;spotless_title;spotless_body;spotless_alter
48;elatedfe;elatedfep;elatedfename;elatedfe_title;elatedfe_body;elatedfe_alter
49;abidings;abidingsp;abidingsname;abidings_title;abidings_body;abidings_alter
50;elasticb;elasticbp;elasticbname;elasticb_title;elasticb_body;elasticb_alter
51;heartyle1;heartyle1p;heartyle1name;heartyle1_title;heartyle1_body;heartyle1_alter
52;flutteri1;flutteri1p;flutteri1name;flutteri1_title;flutteri1_body;flutteri1_alter
53;friendly1;friendly1p;friendly1name;friendly1_title;friendly1_body;friendly1_alter
54;unpleasa1;unpleasa1p;unpleasa1name;unpleasa1_title;unpleasa1_body;unpleasa1_alter
55;fussyapp1;fussyapp1p;fussyapp1name;fussyapp1_title;fussyapp1_body;fussyapp1_alter
56;patientr1;patientr1p;patientr1name;patientr1_title;patientr1_body;patientr1_alter
57;uttermos1;uttermos1p;uttermos1name;uttermos1_title;uttermos1_body;uttermos1_alter
58;directsa1;directsa1p;directsa1name;directsa1_title;directsa1_body;directsa1_alter
59;closedbo1;closedbo1p;closedbo1name;closedbo1_title;closedbo1_body;closedbo1_alter
60;fabulous1;fabulous1p;fabulous1name;fabulous1_title;fabulous1_body;fabulous1_alter
61;warliked1;warliked1p;warliked1name;warliked1_title;warliked1_body;warliked1_alter
62;marvelou1;marvelou1p;marvelou1name;marvelou1_title;marvelou1_body;marvelou1_alter
63;mustyred1;mustyred1p;mustyred1name;mustyred1_title;mustyred1_body;mustyred1_alter
64;openbirc1;openbirc1p;openbirc1name;openbirc1_title;openbirc1_body;openbirc1_alter
65;guardedt1;guardedt1p;guardedt1name;guardedt1_title;guardedt1_body;guardedt1_alter
66;bitterju1;bitterju1p;bitterju1name;bitterju1_title;bitterju1_body;bitterju1_alter
67;ringedsi1;ringedsi1p;ringedsi1name;ringedsi1_title;ringedsi1_body;ringedsi1_alter
68;judiciou1;judiciou1p;judiciou1name;judiciou1_title;judiciou1_body;judiciou1_alter
69;proficie1;proficie1p;proficie1name;proficie1_title;proficie1_body;proficie1_alter
70;civilegg1;civilegg1p;civilegg1name;civilegg1_title;civilegg1_body;civilegg1_alter
71;opposite1;opposite1p;opposite1name;opposite1_title;opposite1_body;opposite1_alter
72;clevermi1;clevermi1p;clevermi1name;clevermi1_title;clevermi1_body;clevermi1_alter
73;methodic1;methodic1p;methodic1name;methodic1_title;methodic1_body;methodic1_alter
74;glitteri1;glitteri1p;glitteri1name;glitteri1_title;glitteri1_body;glitteri1_alter
75;juvenile1;juvenile1p;juvenile1name;juvenile1_title;juvenile1_body;juvenile1_alter
76;readysti1;readysti1p;readysti1name;readysti1_title;readysti1_body;readysti1_alter
77;snarling1;snarling1p;snarling1name;snarling1_title;snarling1_body;snarling1_alter
78;agreeabl1;agreeabl1p;agreeabl1name;agreeabl1_title;agreeabl1_body;agreeabl1_alter
79;wanderin1;wanderin1p;wanderin1name;wanderin1_title;wanderin1_body;wanderin1_alter
80;ovalemer1;ovalemer1p;ovalemer1name;ovalemer1_title;ovalemer1_body;ovalemer1_alter
81;impishma1;impishma1p;impishma1name;impishma1_title;impishma1_body;impishma1_alter
82;talented1;talented1p;talented1name;talented1_title;talented1_body;talented1_alter
83;candidla1;candidla1p;candidla1name;candidla1_title;candidla1_body;candidla1_alter
84;pasteltr1;pasteltr1p;pasteltr1name;pasteltr1_title;pasteltr1_body;pasteltr1_alter
85;momentou1;momentou1p;momentou1name;momentou1_title;momentou1_body;momentou1_alter
86;accessib1;accessib1p;accessib1name;accessib1_title;accessib1_body;accessib1_alter
87;entiredi1;entiredi1p;entiredi1name;entiredi1_title;entiredi1_body;entiredi1_alter
88;impuresp1;impuresp1p;impuresp1name;impuresp1_title;impuresp1_body;impuresp1_alter
89;delectab1;delectab1p;delectab1name;delectab1_title;delectab1_body;delectab1_alter
90;waggishv1;waggishv1p;waggishv1name;waggishv1_title;waggishv1_body;waggishv1_alter
91;easysand1;easysand1p;easysand1name;easysand1_title;easysand1_body;easysand1_alter
92;demuresi1;demuresi1p;demuresi1name;demuresi1_title;demuresi1_body;demuresi1_alter
93;righteou1;righteou1p;righteou1name;righteou1_title;righteou1_body;righteou1_alter
94;imported1;imported1p;imported1name;imported1_title;imported1_body;imported1_alter
95;likablea1;likablea1p;likablea1name;likablea1_title;likablea1_body;likablea1_alter
96;numerous1;numerous1p;numerous1name;numerous1_title;numerous1_body;numerous1_alter
97;spotless1;spotless1p;spotless1name;spotless1_title;spotless1_body;spotless1_alter
98;elatedfe1;elatedfe1p;elatedfe1name;elatedfe1_title;elatedfe1_body;elatedfe1_alter
99;abidings1;abidings1p;abidings1name;abidings1_title;abidings1_body;abidings1_alter
100;elasticb1;elasticb1p;elasticb1name;elasticb1_title;elasticb1_body;elasticb1_alter
101;heartyle11;heartyle11p;heartyle11name;heartyle11_title;heartyle11_body;heartyle11_alter
102;flutteri11;flutteri11p;flutteri11name;flutteri11_title;flutteri11_body;flutteri11_alter
103;friendly11;friendly11p;friendly11name;friendly11_title;friendly11_body;friendly11_alter
104;unpleasa11;unpleasa11p;unpleasa11name;unpleasa11_title;unpleasa11_body;unpleasa11_alter
105;fussyapp11;fussyapp11p;fussyapp11name;fussyapp11_title;fussyapp11_body;fussyapp11_alter
106;patientr11;patientr11p;patientr11name;patientr11_title;patientr11_body;patientr11_alter
107;uttermos11;uttermos11p;uttermos11name;uttermos11_title;uttermos11_body;uttermos11_alter
108;directsa11;directsa11p;directsa11name;directsa11_title;directsa11_body;directsa11_alter
109;closedbo11;closedbo11p;closedbo11name;closedbo11_title;closedbo11_body;closedbo11_alter
110;fabulous11;fabulous11p;fabulous11name;fabulous11_title;fabulous11_body;fabulous11_alter
111;warliked11;warliked11p;warliked11name;warliked11_title;warliked11_body;warliked11_alter
112;marvelou11;marvelou11p;marvelou11name;marvelou11_title;marvelou11_body;marvelou11_alter
113;mustyred11;mustyred11p;mustyred11name;mustyred11_title;mustyred11_body;mustyred11_alter
114;openbirc11;openbirc11p;openbirc11name;openbirc11_title;openbirc11_body;openbirc11_alter
115;guardedt11;guardedt11p;guardedt11name;guardedt11_title;guardedt11_body;guardedt11_alter
116;bitterju11;bitterju11p;bitterju11name;bitterju11_title;bitterju11_body;bitterju11_alter
117;ringedsi11;ringedsi11p;ringedsi11name;ringedsi11_title;ringedsi11_body;ringedsi11_alter
118;judiciou11;judiciou11p;judiciou11name;judiciou11_title;judiciou11_body;judiciou11_alter
119;proficie11;proficie11p;proficie11name;proficie11_title;proficie11_body;proficie11_alter
120;civilegg11;civilegg11p;civilegg11name;civilegg11_title;civilegg11_body;civilegg11_alter
121;opposite11;opposite11p;opposite11name;opposite11_title;opposite11_body;opposite11_alter
122;clevermi11;clevermi11p;clevermi11name;clevermi11_title;clevermi11_body;clevermi11_alter
123;methodic11;methodic11p;methodic11name;methodic11_title;methodic11_body;methodic11_alter
124;glitteri11;glitteri11p;glitteri11name;glitteri11_title;glitteri11_body;glitteri11_alter
125;juvenile11;juvenile11p;juvenile11name;juvenile11_title;juvenile11_body;juvenile11_alter
126;readysti11;readysti11p;readysti11name;readysti11_title;readysti11_body;readysti11_alter
127;snarling11;snarling11p;snarling11name;snarling11_title;snarling11_body;snarling11_alter
128;agreeabl11;agreeabl11p;agreeabl11name;agreeabl11_title;agreeabl11_body;agreeabl11_alter
129;wanderin11;wanderin11p;wanderin11name;wanderin11_title;wanderin11_body;wanderin11_alter
130;ovalemer11;ovalemer11p;ovalemer11name;ovalemer11_title;ovalemer11_body;ovalemer11_alter
131;impishma11;impishma11p;impishma11name;impishma11_title;impishma11_body;impishma11_alter
132;talented11;talented11p;talented11name;talented11_title;talented11_body;talented11_alter
133;candidla11;candidla11p;candidla11name;candidla11_title;candidla11_body;candidla11_alter
134;pasteltr11;pasteltr11p;pasteltr11name;pasteltr11_title;pasteltr11_body;pasteltr11_alter
135;momentou11;momentou11p;momentou11name;momentou11_title;momentou11_body;momentou11_alter
136;accessib11;accessib11p;accessib11name;accessib11_title;accessib11_body;accessib11_alter
137;entiredi11;entiredi11p;entiredi11name;entiredi11_title;entiredi11_body;entiredi11_alter
138;impuresp11;impuresp11p;impuresp11name;impuresp11_title;impuresp11_body;impuresp11_alter
139;delectab11;delectab11p;delectab11name;delectab11_title;delectab11_body;delectab11_alter
140;waggishv11;waggishv11p;waggishv11name;waggishv11_title;waggishv11_body;waggishv11_alter
141;easysand11;easysand11p;easysand11name;easysand11_title;easysand11_body;easysand11_alter
142;demuresi11;demuresi11p;demuresi11name;demuresi11_title;demuresi11_body;demuresi11_alter
143;righteou11;righteou11p;righteou11name;righteou11_title;righteou11_body;righteou11_alter
144;imported11;imported11p;imported11name;imported11_title;imported11_body;imported11_alter
145;likablea11;likablea11p;likablea11name;likablea11_title;likablea11_body;likablea11_alter
146;numerous11;numerous11p;numerous11name;numerous11_title;numerous11_body;numerous11_alter
147;spotless11;spotless11p;spotless11name;spotless11_title;spotless11_body;spotless11_alter
148;elatedfe11;elatedfe11p;elatedfe11name;elatedfe11_title;elatedfe11_body;elatedfe11_alter
149;abidings11;abidings11p;abidings11name;abidings11_title;abidings11_body;abidings11_alter
150;elasticb11;elasticb11p;elasticb11name;elasticb11_title;elasticb11_body;elasticb11_alter
151;heartyle111;heartyle111p;heartyle111name;heartyle111_title;heartyle111_body;heartyle111_alter
152;flutteri111;flutteri111p;flutteri111name;flutteri111_title;flutteri111_body;flutteri111_alter
153;friendly111;friendly111p;friendly111name;friendly111_title;friendly111_body;friendly111_alter
154;unpleasa111;unpleasa111p;unpleasa111name;unpleasa111_title;unpleasa111_body;unpleasa111_alter
155;fussyapp111;fussyapp111p;fussyapp111name;fussyapp111_title;fussyapp111_body;fussyapp111_alter
156;patientr111;patientr111p;patientr111name;patientr111_title;patientr111_body;patientr111_alter
157;uttermos111;uttermos111p;uttermos111name;uttermos111_title;uttermos111_body;uttermos111_alter
158;directsa111;directsa111p;directsa111name;directsa111_title;directsa111_body;directsa111_alter
159;closedbo111;closedbo111p;closedbo111name;closedbo111_title;closedbo111_body;closedbo111_alter
160;fabulous111;fabulous111p;fabulous111name;fabulous111_title;fabulous111_body;fabulous111_alter
161;warliked111;warliked111p;warliked111name;warliked111_title;warliked111_body;warliked111_alter
162;marvelou111;marvelou111p;marvelou111name;marvelou111_title;marvelou111_body;marvelou111_alter
163;mustyred111;mustyred111p;mustyred111name;mustyred111_title;mustyred111_body;mustyred111_alter
164;openbirc111;openbirc111p;openbirc111name;openbirc111_title;openbirc111_body;openbirc111_alter
165;guardedt111;guardedt111p;guardedt111name;guardedt111_title;guardedt111_body;guardedt111_alter
166;bitterju111;bitterju111p;bitterju111name;bitterju111_title;bitterju111_body;bitterju111_alter
167;ringedsi111;ringedsi111p;ringedsi111name;ringedsi111_title;ringedsi111_body;ringedsi111_alter
168;judiciou111;judiciou111p;judiciou111name;judiciou111_title;judiciou111_body;judiciou111_alter
169;proficie111;proficie111p;proficie111name;proficie111_title;proficie111_body;proficie111_alter
170;civilegg111;civilegg111p;civilegg111name;civilegg111_title;civilegg111_body;civilegg111_alter
171;opposite111;opposite111p;opposite111name;opposite111_title;opposite111_body;opposite111_alter
172;clevermi111;clevermi111p;clevermi111name;clevermi111_title;clevermi111_body;clevermi111_alter
173;methodic111;methodic111p;methodic111name;methodic111_title;methodic111_body;methodic111_alter
174;glitteri111;glitteri111p;glitteri111name;glitteri111_title;glitteri111_body;glitteri111_alter
175;juvenile111;juvenile111p;juvenile111name;juvenile111_title;juvenile111_body;juvenile111_alter
176;readysti111;readysti111p;readysti111name;readysti111_title;readysti111_body;readysti111_alter
177;snarling111;snarling111p;snarling111name;snarling111_title;snarling111_body;snarling111_alter
178;agreeabl111;agreeabl111p;agreeabl111name;agreeabl111_title;agreeabl111_body;agreeabl111_alter
179;wanderin111;wanderin111p;wanderin111name;wanderin111_title;wanderin111_body;wanderin111_alter
180;ovalemer111;ovalemer111p;ovalemer111name;ovalemer111_title;ovalemer111_body;ovalemer111_alter
181;impishma111;impishma111p;impishma111name;impishma111_title;impishma111_body;impishma111_alter
182;talented111;talented111p;talented111name;talented111_title;talented111_body;talented111_alter
183;candidla111;candidla111p;candidla111name;candidla111_title;candidla111_body;candidla111_alter
184;pasteltr111;pasteltr111p;pasteltr111name;pasteltr111_title;pasteltr111_body;pasteltr111_alter
185;momentou111;momentou111p;momentou111name;momentou111_title;momentou111_body;momentou111_alter
186;accessib111;accessib111p;accessib111name;accessib111_title;accessib111_body;accessib111_alter
187;entiredi111;entiredi111p;entiredi111name;entiredi111_title;entiredi111_body;entiredi111_alter
188;impuresp111;impuresp111p;impuresp111name;impuresp111_title;impuresp111_body;impuresp111_alter
189;delectab111;delectab111p;delectab111name;delectab111_title;delectab111_body;delectab111_alter
190;waggishv111;waggishv111p;waggishv111name;waggishv111_title;waggishv111_body;waggishv111_alter
191;easysand111;easysand111p;easysand111name;easysand111_title;easysand111_body;easysand111_alter
192;demuresi111;demuresi111p;demuresi111name;demuresi111_title;demuresi111_body;demuresi111_alter
193;righteou111;righteou111p;righteou111name;righteou111_title;righteou111_body;righteou111_alter
194;imported111;imported111p;imported111name;imported111_title;imported111_body;imported111_alter
195;likablea111;likablea111p;likablea111name;likablea111_title;likablea111_body;likablea111_alter
196;numerous111;numerous111p;numerous111name;numerous111_title;numerous111_body;numerous111_alter
197;spotless111;spotless111p;spotless111name;spotless111_title;spotless111_body;spotless111_alter
198;elatedfe111;elatedfe111p;elatedfe111name;elatedfe111_title;elatedfe111_body;elatedfe111_alter
199;abidings111;abidings111p;abidings111name;abidings111_title;abidings111_body;abidings111_alter
200;elasticb111;elasticb111p;elasticb111name;elasticb111_title;elasticb111_body;elasticb111_alter
201;heartyle1111;heartyle1111p;heartyle1111name;heartyle1111_title;heartyle1111_body;heartyle1111_alter
202;flutteri1111;flutteri1111p;flutteri1111name;flutteri1111_title;flutteri1111_body;flutteri1111_alter
203;friendly1111;friendly1111p;friendly1111name;friendly1111_title;friendly1111_body;friendly1111_alter
204;unpleasa1111;unpleasa1111p;unpleasa1111name;unpleasa1111_title;unpleasa1111_body;unpleasa1111_alter
205;fussyapp1111;fussyapp1111p;fussyapp1111name;fussyapp1111_title;fussyapp1111_body;fussyapp1111_alter
206;patientr1111;patientr1111p;patientr1111name;patientr1111_title;patientr1111_body;patientr1111_alter
207;uttermos1111;uttermos1111p;uttermos1111name;uttermos1111_title;uttermos1111_body;uttermos1111_alter
208;directsa1111;directsa1111p;directsa1111name;directsa1111_title;directsa1111_body;directsa1111_alter
209;closedbo1111;closedbo1111p;closedbo1111name;closedbo1111_title;closedbo1111_body;closedbo1111_alter
210;fabulous1111;fabulous1111p;fabulous1111name;fabulous1111_title;fabulous1111_body;fabulous1111_alter
211;warliked1111;warliked1111p;warliked1111name;warliked1111_title;warliked1111_body;warliked1111_alter
212;marvelou1111;marvelou1111p;marvelou1111name;marvelou1111_title;marvelou1111_body;marvelou1111_alter
213;mustyred1111;mustyred1111p;mustyred1111name;mustyred1111_title;mustyred1111_body;mustyred1111_alter
214;openbirc1111;openbirc1111p;openbirc1111name;openbirc1111_title;openbirc1111_body;openbirc1111_alter
215;guardedt1111;guardedt1111p;guardedt1111name;guardedt1111_title;guardedt1111_body;guardedt1111_alter
216;bitterju1111;bitterju1111p;bitterju1111name;bitterju1111_title;bitterju1111_body;bitterju1111_alter
217;ringedsi1111;ringedsi1111p;ringedsi1111name;ringedsi1111_title;ringedsi1111_body;ringedsi1111_alter
218;judiciou1111;judiciou1111p;judiciou1111name;judiciou1111_title;judiciou1111_body;judiciou1111_alter
219;proficie1111;proficie1111p;proficie1111name;proficie1111_title;proficie1111_body;proficie1111_alter
220;civilegg1111;civilegg1111p;civilegg1111name;civilegg1111_title;civilegg1111_body;civilegg1111_alter
221;opposite1111;opposite1111p;opposite1111name;opposite1111_title;opposite1111_body;opposite1111_alter
222;clevermi1111;clevermi1111p;clevermi1111name;clevermi1111_title;clevermi1111_body;clevermi1111_alter
223;methodic1111;methodic1111p;methodic1111name;methodic1111_title;methodic1111_body;methodic1111_alter
224;glitteri1111;glitteri1111p;glitteri1111name;glitteri1111_title;glitteri1111_body;glitteri1111_alter
225;juvenile1111;juvenile1111p;juvenile1111name;juvenile1111_title;juvenile1111_body;juvenile1111_alter
226;readysti1111;readysti1111p;readysti1111name;readysti1111_title;readysti1111_body;readysti1111_alter
227;snarling1111;snarling1111p;snarling1111name;snarling1111_title;snarling1111_body;snarling1111_alter
228;agreeabl1111;agreeabl1111p;agreeabl1111name;agreeabl1111_title;agreeabl1111_body;agreeabl1111_alter
229;wanderin1111;wanderin1111p;wanderin1111name;wanderin1111_title;wanderin1111_body;wanderin1111_alter
230;ovalemer1111;ovalemer1111p;ovalemer1111name;ovalemer1111_title;ovalemer1111_body;ovalemer1111_alter
231;impishma1111;impishma1111p;impishma1111name;impishma1111_title;impishma1111_body;impishma1111_alter
232;talented1111;talented1111p;talented1111name;talented1111_title;talented1111_body;talented1111_alter
233;candidla1111;candidla1111p;candidla1111name;candidla1111_title;candidla1111_body;candidla1111_alter
234;pasteltr1111;pasteltr1111p;pasteltr1111name;pasteltr1111_title;pasteltr1111_body;pasteltr1111_alter
235;momentou1111;momentou1111p;momentou1111name;momentou1111_title;momentou1111_body;momentou1111_alter
236;accessib1111;accessib1111p;accessib1111name;accessib1111_title;accessib1111_body;accessib1111_alter
237;entiredi1111;entiredi1111p;entiredi1111name;entiredi1111_title;entiredi1111_body;entiredi1111_alter
238;impuresp1111;impuresp1111p;impuresp1111name;impuresp1111_title;impuresp1111_body;impuresp1111_alter
239;delectab1111;delectab1111p;delectab1111name;delectab1111_title;delectab1111_body;delectab1111_alter
240;waggishv1111;waggishv1111p;waggishv1111name;waggishv1111_title;waggishv1111_body;waggishv1111_alter
241;easysand1111;easysand1111p;easysand1111name;easysand1111_title;easysand1111_body;easysand1111_alter
242;demuresi1111;demuresi1111p;demuresi1111name;demuresi1111_title;demuresi1111_body;demuresi1111_alter
243;righteou1111;righteou1111p;righteou1111name;righteou1111_title;righteou1111_body;righteou1111_alter
244;imported1111;imported1111p;imported1111name;imported1111_title;imported1111_body;imported1111_alter
245;likablea1111;likablea1111p;likablea1111name;likablea1111_title;likablea1111_body;likablea1111_alter
246;numerous1111;numerous1111p;numerous1111name;numerous1111_title;numerous1111_body;numerous1111_alter
247;spotless1111;spotless1111p;spotless1111name;spotless1111_title;spotless1111_body;spotless1111_alter
248;elatedfe1111;elatedfe1111p;elatedfe1111name;elatedfe1111_title;elatedfe1111_body;elatedfe1111_alter
249;abidings1111;abidings1111p;abidings1111name;abidings1111_title;abidings1111_body;abidings1111_alter
250;elasticb1111;elasticb1111p;elasticb1111name;elasticb1111_title;elasticb1111_body;elasticb1111_alter